subject,age,gender,bfi_a1,bfi_a2,bfi_a3,bfi_a4,bfi_a5,bfi_a6,bfi_a7,bfi_a8,bfi_a9,bfi_c1,bfi_c2,bfi_c3,bfi_c4,bfi_c5,bfi_c6,bfi_c7,bfi_c8,bfi_c9,bfi_e1,bfi_e2,bfi_e3,bfi_e4,bfi_e5,bfi_e6,bfi_e7,bfi_e8,bfi_n1,bfi_n2,bfi_n3,bfi_n4,bfi_n5,bfi_n6,bfi_n7,bfi_n8,bfi_o1,bfi_o10,bfi_o2,bfi_o3,bfi_o4,bfi_o5,bfi_o6,bfi_o7,bfi_o8,bfi_o9,include_exclude_bfi,mean_a,mean_c,mean_e,mean_n,mean_o,include_exclude_bfi_mean,check_mean_a,check_mean_c,check_mean_e,check_mean_n,check_mean_o,mean1,mean2,SD,D,D_check,include_exclude_iat,exclude_duplicate_data,exclude_participant
440109,46,female,NA,NA,NA,NA,NA,NA,NA,NA,NA,6,5,6,3,3,5,5,5,5,2,2,2,4,2,4,2,3,3,4,6,4,3,5,2,4,NA,NA,NA,NA,NA,NA,NA,NA,NA,NA,include,NA,4.777777777777778,2.625,3.875,NA,include,NA,Valid,Valid,Valid,NA,797,666.55,326.2587243003209,-0.3998360512190347,within range,include,include,include
355243,27,male,4,4,4,4,4,5,5,4,4,NA,NA,NA,NA,NA,NA,NA,NA,NA,NA,NA,NA,NA,NA,NA,NA,NA,NA,NA,NA,NA,NA,NA,NA,NA,4,3,5,5,6,4,5,4,5,3,include,4.222222222222222,NA,NA,NA,4.4,include,Valid,NA,NA,NA,Valid,1017.6,895.4375,355.7216359499562,-0.3434216186309965,within range,include,include,include
214625,20,female,2,4,4,4,5,6,4,5,5,NA,NA,NA,NA,NA,NA,NA,NA,NA,NA,NA,NA,NA,NA,NA,NA,NA,NA,NA,NA,NA,NA,NA,NA,NA,4,4,4,4,6,4,4,3,4,5,include,4.333333333333333,NA,NA,NA,4.2,include,Valid,NA,NA,NA,Valid,708.475,642.7375,172.67040785235656,-0.3807108630693079,within range,include,include,include
214148,20,male,1,4,6,4,4,2,5,3,3,NA,NA,NA,NA,NA,NA,NA,NA,NA,NA,NA,NA,NA,NA,NA,NA,NA,NA,NA,NA,NA,NA,NA,NA,NA,3,2,6,4,4,4,4,2,4,5,include,3.5555555555555554,NA,NA,NA,3.8,include,Valid,NA,NA,NA,Valid,736.45,766.2375,255.9658523651755,0.11637294476883331,within range,include,include,include
213400,29,female,5,4,6,3,5,6,5,6,5,NA,NA,NA,NA,NA,NA,NA,NA,NA,NA,NA,NA,NA,NA,NA,NA,NA,NA,NA,NA,NA,NA,NA,NA,NA,2,2,4,4,5,2,3,3,4,1,include,5,NA,NA,NA,3,include,Valid,NA,NA,NA,Valid,926.475,807.4625,465.05895412552263,-0.2559084153616312,within range,include,include,include
216503,33,female,4,5,1,2,4,2,4,3,5,NA,NA,NA,NA,NA,NA,NA,NA,NA,NA,NA,NA,NA,NA,NA,NA,NA,NA,NA,NA,NA,NA,NA,NA,NA,4,5,6,5,5,4,5,5,6,3,include,3.3333333333333335,NA,NA,NA,4.8,include,Valid,NA,NA,NA,Valid,1014.925,1406.3625,1845.613715346337,0.21209069738980843,within range,include,include,include
369479,28,female,NA,NA,NA,NA,NA,NA,NA,NA,NA,5,4,5,2,3,6,4,6,3,6,4,4,5,5,5,4,6,2,2,4,5,3,2,1,5,NA,NA,NA,NA,NA,NA,NA,NA,NA,NA,include,NA,4.222222222222222,4.875,3,NA,include,NA,Valid,Valid,Valid,NA,697.425,644.3625,342.6588535496586,-0.15485518453796526,within range,include,include,include
220525,33,female,NA,NA,NA,NA,NA,NA,NA,NA,NA,6,5,5,3,5,6,6,6,3,6,3,3,5,3,6,1,5,4,5,5,4,4,6,4,2,NA,NA,NA,NA,NA,NA,NA,NA,NA,NA,include,NA,5,4,4.25,NA,include,NA,Valid,Valid,Valid,NA,610.825,644.425,195.22219456839645,0.17211157816499234,within range,include,include,include
225948,23,male,3,5,4,3,2,3,4,3,5,NA,NA,NA,NA,NA,NA,NA,NA,NA,NA,NA,NA,NA,NA,NA,NA,NA,NA,NA,NA,NA,NA,NA,NA,NA,5,5,6,5,5,5,6,4,6,6,include,3.5555555555555554,NA,NA,NA,5.3,include,Valid,NA,NA,NA,Valid,905.15,734.775,329.8252334098129,-0.5165614475236541,within range,include,include,include
227399,16,male,2,3,2,3,4,1,3,1,2,NA,NA,NA,NA,NA,NA,NA,NA,NA,NA,NA,NA,NA,NA,NA,NA,NA,NA,NA,NA,NA,NA,NA,NA,NA,3,5,6,5,3,2,4,3,5,3,include,2.3333333333333335,NA,NA,NA,3.9,include,Valid,NA,NA,NA,Valid,718.5,749.775,308.77343819450175,0.10128785747529007,within range,include,include,include
228671,18,female,5,5,6,6,5,3,6,6,6,NA,NA,NA,NA,NA,NA,NA,NA,NA,NA,NA,NA,NA,NA,NA,NA,NA,NA,NA,NA,NA,NA,NA,NA,NA,4,5,6,4,5,4,5,5,5,6,include,5.333333333333333,NA,NA,NA,4.9,include,Valid,NA,NA,NA,Valid,1062.65,728.5875,698.9842125125122,-0.47792567274045583,within range,include,include,include
232178,27,male,NA,NA,NA,NA,NA,NA,NA,NA,NA,5,5,3,3,3,2,5,2,2,4,3,2,NA,3,5,2,4,6,5,6,6,6,5,5,6,NA,NA,NA,NA,NA,NA,NA,NA,NA,NA,exclude,NA,3.3333333333333335,3.2857142857142856,5.625,NA,exclude,NA,Valid,Valid,Valid,NA,840.9,755.6625,242.99231106208714,-0.35078270430631386,within range,include,include,exclude
232474,30,male,4,6,5,4,5,3,6,2,3,NA,NA,NA,NA,NA,NA,NA,NA,NA,NA,NA,NA,NA,NA,NA,NA,NA,NA,NA,NA,NA,NA,NA,NA,NA,6,5,6,6,6,6,6,6,6,6,include,4.222222222222222,NA,NA,NA,5.9,include,Valid,NA,NA,NA,Valid,725.575,713.1875,310.6709189608116,-0.03987338126605477,within range,include,include,include
233978,44,male,NA,NA,NA,NA,NA,NA,NA,NA,NA,5,6,6,3,6,6,5,5,3,4,2,5,4,3,5,3,6,2,2,4,2,1,4,2,3,NA,NA,NA,NA,NA,NA,NA,NA,NA,NA,include,NA,5,4,2.5,NA,include,NA,Valid,Valid,Valid,NA,830.225,718.6125,199.05845530258438,-0.560702130589431,within range,include,include,include
235367,21,male,1,2,4,5,2,1,1,1,4,NA,NA,NA,NA,NA,NA,NA,NA,NA,NA,NA,NA,NA,NA,NA,NA,NA,NA,NA,NA,NA,NA,NA,NA,NA,6,5,6,6,5,5,5,4,4,6,include,2.3333333333333335,NA,NA,NA,5.2,include,Valid,NA,NA,NA,Valid,1221.675,1315.3,859.4798993629598,0.10893215777285095,within range,include,include,include
238241,51,female,5,5,6,5,6,2,5,1,6,NA,NA,NA,NA,NA,NA,NA,NA,NA,NA,NA,NA,NA,NA,NA,NA,NA,NA,NA,NA,NA,NA,NA,NA,NA,5,4,6,4,5,4,5,3,5,5,include,4.555555555555555,NA,NA,NA,4.6,include,Valid,NA,NA,NA,Valid,1122.825,863.95,413.4277292646563,-0.6261674814615079,within range,include,include,include
239346,20,female,NA,NA,NA,NA,NA,NA,NA,NA,NA,5,6,6,6,4,5,5,6,5,6,6,5,5,5,4,5,6,4,4,4,4,4,4,4,4,NA,NA,NA,NA,NA,NA,NA,NA,NA,NA,include,NA,5.333333333333333,5.25,4,NA,include,NA,Valid,Valid,Valid,NA,798.625,773.45,292.59519734575946,-0.08604037328148856,within range,include,include,include
241587,41,female,5,5,2,4,6,2,5,3,5,NA,NA,NA,NA,NA,NA,NA,NA,NA,NA,NA,NA,NA,NA,NA,NA,NA,NA,NA,NA,NA,NA,NA,NA,NA,6,3,6,6,6,5,5,4,5,5,include,4.111111111111111,NA,NA,NA,5.1,include,Valid,NA,NA,NA,Valid,1903.4,800.075,1961.403877478638,-0.5625180069585218,within range,include,include,include
243747,23,female,NA,NA,NA,NA,NA,NA,NA,NA,NA,6,3,5,3,2,3,5,5,4,4,5,3,3,3,5,2,5,4,3,4,4,2,5,1,4,NA,NA,NA,NA,NA,NA,NA,NA,NA,NA,include,NA,4,3.75,3.375,NA,include,NA,Valid,Valid,Valid,NA,740.65,703.4375,272.583469471521,-0.13651781625696807,within range,include,include,include
245717,24,male,NA,NA,NA,NA,NA,NA,NA,NA,NA,5,5,5,4,4,4,4,4,3,2,1,3,3,1,3,2,3,4,3,3,4,4,3,3,4,NA,NA,NA,NA,NA,NA,NA,NA,NA,NA,include,NA,4.222222222222222,2.25,3.5,NA,include,NA,Valid,Valid,Valid,NA,824.25,785.05,281.77165149360604,-0.1391197439210437,within range,include,include,include
249730,37,female,3,4,3,4,4,6,4,3,6,NA,NA,NA,NA,NA,NA,NA,NA,NA,NA,NA,NA,NA,NA,NA,NA,NA,NA,NA,NA,NA,NA,NA,NA,NA,2,1,4,1,3,1,4,4,3,1,include,4.111111111111111,NA,NA,NA,2.4,include,Valid,NA,NA,NA,Valid,1140.175,1047.6,692.9119033559208,-0.13360284265812072,within range,include,include,include
251939,28,male,NA,NA,NA,NA,NA,NA,NA,NA,NA,5,4,4,4,3,4,4,6,3,4,3,4,5,3,3,1,4,3,3,4,4,1,4,3,4,NA,NA,NA,NA,NA,NA,NA,NA,NA,NA,include,NA,4.111111111111111,3.375,3.25,NA,include,NA,Valid,Valid,Valid,NA,766.625,783.675,391.9460924996833,0.0435008801625283,within range,include,include,include
253188,32,female,3,5,5,4,6,4,6,6,6,NA,NA,NA,NA,NA,NA,NA,NA,NA,NA,NA,NA,NA,NA,NA,NA,NA,NA,NA,NA,NA,NA,NA,NA,NA,3,4,6,6,6,4,6,5,6,3,include,5,NA,NA,NA,4.9,include,Valid,NA,NA,NA,Valid,931.525,810.525,348.7410080364432,-0.3469623508897915,within range,include,include,include
253519,22,male,5,6,6,5,6,5,6,4,5,NA,NA,NA,NA,NA,NA,NA,NA,NA,NA,NA,NA,NA,NA,NA,NA,NA,NA,NA,NA,NA,NA,NA,NA,NA,5,5,5,6,6,5,5,2,6,1,include,5.333333333333333,NA,NA,NA,4.6,include,Valid,NA,NA,NA,Valid,732.825,769.3,347.49756775240536,0.10496476345408157,within range,include,include,include
254504,24,male,NA,NA,NA,NA,NA,NA,NA,NA,NA,4,3,4,3,2,4,4,4,4,4,3,3,4,3,6,3,4,4,1,2,2,3,4,2,1,NA,NA,NA,NA,NA,NA,NA,NA,NA,NA,include,NA,3.5555555555555554,3.75,2.375,NA,include,NA,Valid,Valid,Valid,NA,956.05,791.2625,461.6360437669072,-0.35696411106756143,within range,include,include,include
285703,33,male,NA,NA,NA,NA,NA,NA,NA,NA,NA,4,1,4,1,2,3,2,5,1,6,6,4,6,6,2,5,6,6,6,5,6,6,4,5,5,NA,NA,NA,NA,NA,NA,NA,NA,NA,NA,include,NA,2.5555555555555554,5.125,5.375,NA,include,NA,Valid,Valid,Valid,NA,1671.775,1245.1375,817.5358615216519,-0.5218578414479752,within range,include,include,include
287257,21,female,NA,NA,NA,NA,NA,NA,NA,NA,NA,6,5,6,3,6,4,5,5,5,6,4,5,5,5,5,3,5,4,3,5,5,3,4,2,4,NA,NA,NA,NA,NA,NA,NA,NA,NA,NA,include,NA,5,4.75,3.75,NA,include,NA,Valid,Valid,Valid,NA,741.325,672.2875,281.8928695727623,-0.244906868714464,within range,include,include,include
289486,56,female,5,6,6,6,6,6,6,6,6,NA,NA,NA,NA,NA,NA,NA,NA,NA,NA,NA,NA,NA,NA,NA,NA,NA,NA,NA,NA,NA,NA,NA,NA,NA,4,5,5,4,5,4,5,2,4,6,include,5.888888888888889,NA,NA,NA,4.4,include,Valid,NA,NA,NA,Valid,679.4,616.0625,237.12797177895314,-0.2671026092992613,within range,include,include,include
289105,32,male,2,4,4,4,3,3,4,5,5,NA,NA,NA,NA,NA,NA,NA,NA,NA,NA,NA,NA,NA,NA,NA,NA,NA,NA,NA,NA,NA,NA,NA,NA,NA,6,4,6,5,5,5,5,4,5,5,include,3.7777777777777777,NA,NA,NA,5,include,Valid,NA,NA,NA,Valid,1035.85,794.325,583.2235302819236,-0.41412080867733414,within range,include,include,include
291619,22,female,NA,NA,NA,NA,NA,NA,NA,NA,NA,5,1,6,3,6,4,NA,4,3,6,2,4,5,3,4,3,5,1,3,3,6,3,2,1,6,NA,NA,NA,NA,NA,NA,NA,NA,NA,NA,exclude,NA,4,4,3.125,NA,exclude,NA,Valid,Valid,Valid,NA,836.125,745.725,387.1099402137911,-0.23352539061661481,within range,include,include,exclude
293517,21,female,3,3,4,4,6,3,6,4,3,NA,NA,NA,NA,NA,NA,NA,NA,NA,NA,NA,NA,NA,NA,NA,NA,NA,NA,NA,NA,NA,NA,NA,NA,NA,4,5,6,4,5,4,5,3,4,5,include,4,NA,NA,NA,4.5,include,Valid,NA,NA,NA,Valid,1273.35,1145.7625,433.347520910818,-0.29442305273105995,within range,include,include,include
296088,49,male,6,5,4,6,6,3,6,6,5,NA,NA,NA,NA,NA,NA,NA,NA,NA,NA,NA,NA,NA,NA,NA,NA,NA,NA,NA,NA,NA,NA,NA,NA,NA,5,3,6,4,1,5,4,4,6,4,include,5.222222222222222,NA,NA,NA,4.2,include,Valid,NA,NA,NA,Valid,878.275,808.675,260.2744370141355,-0.2674100491713677,within range,include,include,include
310835,30,male,2,3,3,3,2,3,3,2,4,NA,NA,NA,NA,NA,NA,NA,NA,NA,NA,NA,NA,NA,NA,NA,NA,NA,NA,NA,NA,NA,NA,NA,NA,NA,3,4,6,4,3,5,1,5,6,6,include,2.7777777777777777,NA,NA,NA,4.3,include,Valid,NA,NA,NA,Valid,1299.625,904.35,686.8732565169554,-0.5754700685311114,within range,include,include,include
310981,52,male,4,6,5,5,6,2,5,5,5,NA,NA,NA,NA,NA,NA,NA,NA,NA,NA,NA,NA,NA,NA,NA,NA,NA,NA,NA,NA,NA,NA,NA,NA,NA,6,2,5,6,6,5,4,2,6,5,include,4.777777777777778,NA,NA,NA,4.7,include,Valid,NA,NA,NA,Valid,1775.3,1075.75,1006.9907056336185,-0.6946936015261722,within range,include,include,include
311817,48,female,NA,NA,NA,NA,NA,NA,NA,NA,NA,5,5,6,3,6,6,5,6,6,5,2,6,5,5,6,6,5,1,1,3,1,1,1,1,1,NA,NA,NA,NA,NA,NA,NA,NA,NA,NA,include,NA,5.333333333333333,5,1.25,NA,include,NA,Valid,Valid,Valid,NA,979.55,806.275,403.43610145248783,-0.42949800321825277,within range,include,include,include
316021,34,male,3,6,6,6,5,1,5,2,4,NA,NA,NA,NA,NA,NA,NA,NA,NA,NA,NA,NA,NA,NA,NA,NA,NA,NA,NA,NA,NA,NA,NA,NA,NA,6,1,6,6,5,6,2,6,6,1,include,4.222222222222222,NA,NA,NA,4.5,include,Valid,NA,NA,NA,Valid,691.125,654.9875,229.03215925277567,-0.1577835187770125,within range,include,include,include
314655,19,female,NA,NA,NA,NA,NA,NA,NA,NA,NA,6,5,6,6,6,6,6,6,2,5,3,5,5,3,6,2,4,1,2,5,4,2,4,3,4,NA,NA,NA,NA,NA,NA,NA,NA,NA,NA,include,NA,5.444444444444445,4.125,3.125,NA,include,NA,Valid,Valid,Valid,NA,891.025,714.175,349.3762403955672,-0.5061878271967456,within range,include,include,include
329537,17,male,2,3,2,3,4,4,2,2,4,NA,NA,NA,NA,NA,NA,NA,NA,NA,NA,NA,NA,NA,NA,NA,NA,NA,NA,NA,NA,NA,NA,NA,NA,NA,5,1,6,4,5,5,3,4,5,3,include,2.888888888888889,NA,NA,NA,4.1,include,Valid,NA,NA,NA,Valid,1112.225,845.9,735.7697182959791,-0.36196787306876493,within range,include,include,include
337414,31,female,3,4,3,5,5,2,4,3,4,NA,NA,NA,NA,NA,NA,NA,NA,NA,NA,NA,NA,NA,NA,NA,NA,NA,NA,NA,NA,NA,NA,NA,NA,NA,3,3,5,2,4,1,4,3,4,3,include,3.6666666666666665,NA,NA,NA,3.2,include,Valid,NA,NA,NA,Valid,762.675,718.6375,262.910343005717,-0.16750006673964254,within range,include,include,include
339121,29,male,3,6,4,6,6,6,5,6,6,NA,NA,NA,NA,NA,NA,NA,NA,NA,NA,NA,NA,NA,NA,NA,NA,NA,NA,NA,NA,NA,NA,NA,NA,NA,5,1,6,4,5,6,3,6,5,5,include,5.333333333333333,NA,NA,NA,4.6,include,Valid,NA,NA,NA,Valid,744.975,666.775,244.7093970520998,-0.31956271782791773,within range,include,include,include
343954,21,female,NA,NA,NA,NA,NA,NA,NA,NA,NA,6,6,6,3,3,6,6,5,4,6,5,4,5,2,6,6,6,4,5,2,1,2,4,1,2,NA,NA,NA,NA,NA,NA,NA,NA,NA,NA,include,NA,5,5,2.625,NA,include,NA,Valid,Valid,Valid,NA,979.025,897.8,373.40120947218975,-0.21752741539003911,within range,include,include,include
347838,21,female,2,5,3,4,3,3,3,2,4,NA,NA,NA,NA,NA,NA,NA,NA,NA,NA,NA,NA,NA,NA,NA,NA,NA,NA,NA,NA,NA,NA,NA,NA,NA,5,2,6,4,6,4,4,3,4,NA,exclude,3.2222222222222223,NA,NA,NA,4.222222222222222,exclude,Valid,NA,NA,NA,Valid,892.65,616.075,350.83841317173744,-0.7883258777157188,within range,include,include,exclude
348671,26,male,NA,NA,NA,NA,NA,NA,NA,NA,NA,4,2,4,2,2,3,3,4,2,2,2,2,3,2,2,2,3,4,5,4,4,4,4,3,5,NA,NA,NA,NA,NA,NA,NA,NA,NA,NA,include,NA,2.888888888888889,2.25,4.125,NA,include,NA,Valid,Valid,Valid,NA,813.875,734.0375,227.1570237641314,-0.3514639286826512,within range,include,include,include
354340,32,female,NA,NA,NA,NA,NA,NA,NA,NA,NA,5,5,6,1,5,4,4,5,5,4,3,4,3,3,4,5,4,2,3,2,2,2,2,3,3,NA,NA,NA,NA,NA,NA,NA,NA,NA,NA,include,NA,4.444444444444445,3.75,2.375,NA,include,NA,Valid,Valid,Valid,NA,893.875,736.9,480.27183238577845,-0.32684615131438693,within range,include,include,include
357132,51,female,6,4,6,6,6,6,5,5,5,NA,NA,NA,NA,NA,NA,NA,NA,NA,NA,NA,NA,NA,NA,NA,NA,NA,NA,NA,NA,NA,NA,NA,NA,NA,5,5,6,5,6,6,6,5,6,5,include,5.444444444444445,NA,NA,NA,5.5,include,Valid,NA,NA,NA,Valid,1426.325,1178.5625,396.14556042194494,-0.6254329841185189,within range,include,include,include
368445,25,male,2,6,1,1,6,3,4,5,6,NA,NA,NA,NA,NA,NA,NA,NA,NA,NA,NA,NA,NA,NA,NA,NA,NA,NA,NA,NA,NA,NA,NA,NA,NA,6,1,4,1,3,6,6,NA,6,3,exclude,3.7777777777777777,NA,NA,NA,4,exclude,Valid,NA,NA,NA,Valid,668.45,656.75,237.85687561496079,-0.04918924445530779,within range,include,include,exclude
361490,41,female,NA,NA,NA,NA,NA,NA,NA,NA,NA,6,1,6,2,3,5,5,6,3,6,3,6,6,4,5,2,3,3,3,4,4,2,4,2,2,NA,NA,NA,NA,NA,NA,NA,NA,NA,NA,include,NA,4.111111111111111,4.375,3,NA,include,NA,Valid,Valid,Valid,NA,604.075,627.275,175.79093273207332,0.13197495251566554,within range,include,include,include
365480,21,female,6,6,6,6,6,5,6,2,6,NA,NA,NA,NA,NA,NA,NA,NA,NA,NA,NA,NA,NA,NA,NA,NA,NA,NA,NA,NA,NA,NA,NA,NA,NA,5,4,6,5,6,5,6,3,6,4,include,5.444444444444445,NA,NA,NA,5,include,Valid,NA,NA,NA,Valid,833.375,721.15,369.66232139987585,-0.3035878787294704,within range,include,include,include
365691,32,female,3,5,5,5,3,5,5,4,5,NA,NA,NA,NA,NA,NA,NA,NA,NA,NA,NA,NA,NA,NA,NA,NA,NA,NA,NA,NA,NA,NA,NA,NA,NA,4,3,6,5,6,4,6,5,5,5,include,4.444444444444445,NA,NA,NA,4.9,include,Valid,NA,NA,NA,Valid,717.275,667.175,248.31859998969134,-0.20175693646017603,within range,include,include,include
365766,20,female,NA,NA,NA,NA,NA,NA,NA,NA,NA,4,3,4,2,3,5,3,4,2,4,3,5,5,3,4,2,4,2,3,4,4,1,1,2,3,NA,NA,NA,NA,NA,NA,NA,NA,NA,NA,include,NA,3.3333333333333335,3.75,2.5,NA,include,NA,Valid,Valid,Valid,NA,908.8,678.2,295.59641272465785,-0.7801177215732966,within range,include,include,include
366258,25,male,5,5,6,5,6,3,6,6,6,NA,NA,NA,NA,NA,NA,NA,NA,NA,NA,NA,NA,NA,NA,NA,NA,NA,NA,NA,NA,NA,NA,NA,NA,NA,6,2,6,6,5,5,5,6,5,3,include,5.333333333333333,NA,NA,NA,4.9,include,Valid,NA,NA,NA,Valid,1208.35,855.3,542.1814168666408,-0.6511658072686008,within range,include,include,include
372836,26,female,2,5,4,5,5,2,6,3,5,NA,NA,NA,NA,NA,NA,NA,NA,NA,NA,NA,NA,NA,NA,NA,NA,NA,NA,NA,NA,NA,NA,NA,NA,NA,6,5,5,6,6,6,6,4,5,6,include,4.111111111111111,NA,NA,NA,5.5,include,Valid,NA,NA,NA,Valid,1097.15,909.2,591.920768176214,-0.3175256049540191,within range,include,include,include
388154,19,female,2,5,6,5,3,4,6,4,5,NA,NA,NA,NA,NA,NA,NA,NA,NA,NA,NA,NA,NA,NA,NA,NA,NA,NA,NA,NA,NA,NA,NA,NA,NA,4,6,6,3,5,4,6,3,5,5,include,4.444444444444445,NA,NA,NA,4.7,include,Valid,NA,NA,NA,Valid,750.9,531.7,273.20410486148495,-0.8023305510403469,within range,include,include,include
491808,22,female,NA,NA,NA,NA,NA,NA,NA,NA,NA,5,5,6,5,6,5,6,6,5,2,3,5,3,2,2,3,3,2,2,4,3,2,4,4,4,NA,NA,NA,NA,NA,NA,NA,NA,NA,NA,include,NA,5.444444444444445,2.875,3.125,NA,include,NA,Valid,Valid,Valid,NA,686.8,741.25,290.08843624028884,0.18770138067446956,within range,include,include,include
418670,17,male,4,4,5,5,5,2,4,3,4,NA,NA,NA,NA,NA,NA,NA,NA,NA,NA,NA,NA,NA,NA,NA,NA,NA,NA,NA,NA,NA,NA,NA,NA,NA,5,4,6,5,5,5,5,5,6,4,include,4,NA,NA,NA,5,include,Valid,NA,NA,NA,Valid,585.55,577.3375,147.3170229542426,-0.05574712165172399,within range,include,include,include
394075,21,female,3,5,6,5,3,6,5,6,6,NA,NA,NA,NA,NA,NA,NA,NA,NA,NA,NA,NA,NA,NA,NA,NA,NA,NA,NA,NA,NA,NA,NA,NA,NA,5,5,6,6,6,5,6,3,5,4,include,5,NA,NA,NA,5.1,include,Valid,NA,NA,NA,Valid,732.05,765.85,342.8331682210649,0.09859022735573014,within range,include,include,include
401021,20,female,NA,NA,NA,NA,NA,NA,NA,NA,NA,6,2,6,2,2,6,6,4,5,4,3,3,5,3,2,3,4,5,6,5,6,2,4,4,4,NA,NA,NA,NA,NA,NA,NA,NA,NA,NA,include,NA,4.333333333333333,3.375,4.5,NA,include,NA,Valid,Valid,Valid,NA,684,760.0125,318.4896648191879,0.23866551538855635,within range,include,include,include
419450,52,male,5,4,6,6,4,5,4,3,6,NA,NA,NA,NA,NA,NA,NA,NA,NA,NA,NA,NA,NA,NA,NA,NA,NA,NA,NA,NA,NA,NA,NA,NA,NA,6,6,6,6,6,6,6,5,6,6,include,4.777777777777778,NA,NA,NA,5.9,include,Valid,NA,NA,NA,Valid,765.7,677.75,300.5025967346334,-0.29267633942500193,within range,include,include,include
421489,18,female,2,5,5,3,5,3,4,3,5,NA,NA,NA,NA,NA,NA,NA,NA,NA,NA,NA,NA,NA,NA,NA,NA,NA,NA,NA,NA,NA,NA,NA,NA,NA,6,6,6,4,6,6,6,5,6,6,include,3.888888888888889,NA,NA,NA,5.7,include,Valid,NA,NA,NA,Valid,682.325,597.95,260.1475070420012,-0.3243352241172064,within range,include,include,include
429123,43,female,NA,NA,NA,NA,NA,NA,NA,NA,NA,6,6,6,3,6,5,6,5,2,4,3,3,5,2,5,4,5,4,2,5,4,2,4,2,6,NA,NA,NA,NA,NA,NA,NA,NA,NA,NA,include,NA,5,3.875,3.625,NA,include,NA,Valid,Valid,Valid,NA,4908.1,2793.9,3691.4607113923753,-0.5727272116090188,within range,include,include,include
429559,19,male,3,5,4,6,6,6,6,5,6,NA,NA,NA,NA,NA,NA,NA,NA,NA,NA,NA,NA,NA,NA,NA,NA,NA,NA,NA,NA,NA,NA,NA,NA,NA,4,5,6,3,5,5,6,3,4,4,include,5.222222222222222,NA,NA,NA,4.5,include,Valid,NA,NA,NA,Valid,2148.25,1199.1875,1476.128384203983,-0.6429403500101324,within range,include,include,include
433267,34,female,NA,NA,NA,NA,NA,NA,NA,NA,NA,4,5,4,3,4,2,5,5,5,1,2,4,2,1,3,2,1,2,3,4,2,1,2,2,4,NA,NA,NA,NA,NA,NA,NA,NA,NA,NA,include,NA,4.111111111111111,2,2.5,NA,include,NA,Valid,Valid,Valid,NA,662.8,593.575,220.37068274869515,-0.3141298068170994,within range,include,include,include
435868,31,female,5,4,5,6,5,3,5,3,5,NA,NA,NA,NA,NA,NA,NA,NA,NA,NA,NA,NA,NA,NA,NA,NA,NA,NA,NA,NA,NA,NA,NA,NA,NA,5,6,6,5,5,5,6,6,6,6,include,4.555555555555555,NA,NA,NA,5.6,include,Valid,NA,NA,NA,Valid,559.375,586.0375,170.40873503077802,0.15646204987780957,within range,include,include,include
442495,37,female,5,6,5,6,5,4,6,4,5,NA,NA,NA,NA,NA,NA,NA,NA,NA,NA,NA,NA,NA,NA,NA,NA,NA,NA,NA,NA,NA,NA,NA,NA,NA,4,4,5,5,5,4,4,4,5,3,include,5.111111111111111,NA,NA,NA,4.3,include,Valid,NA,NA,NA,Valid,603.1,580.175,129.16031230416644,-0.1774926027277851,within range,include,include,include
439554,37,male,NA,NA,NA,NA,NA,NA,NA,NA,NA,4,4,4,3,4,2,4,5,4,4,3,3,4,2,4,3,3,1,3,4,2,2,5,2,4,NA,NA,NA,NA,NA,NA,NA,NA,NA,NA,include,NA,3.7777777777777777,3.25,2.875,NA,include,NA,Valid,Valid,Valid,NA,700.425,648.55,329.0822735838484,-0.15763535189865682,within range,include,include,include
440148,35,female,NA,NA,NA,NA,NA,NA,NA,NA,NA,4,4,6,4,6,5,4,4,4,3,3,5,4,3,4,3,3,2,3,4,1,2,1,2,1,NA,NA,NA,NA,NA,NA,NA,NA,NA,NA,include,NA,4.555555555555555,3.5,2,NA,include,NA,Valid,Valid,Valid,NA,802.725,754.05,171.25988715861,-0.28421716729802804,within range,include,include,include
446741,38,male,NA,NA,NA,NA,NA,NA,NA,NA,NA,4,3,4,2,4,4,4,4,3,4,3,3,3,4,4,4,4,2,2,5,3,1,5,2,3,NA,NA,NA,NA,NA,NA,NA,NA,NA,NA,include,NA,3.5555555555555554,3.625,2.875,NA,include,NA,Valid,Valid,Valid,NA,1224.9,1130.4875,482.6310140555529,-0.1956204579698495,within range,include,include,include
585230,24,female,4,5,4,4,5,5,4,3,4,NA,NA,NA,NA,NA,NA,NA,NA,NA,NA,NA,NA,NA,NA,NA,NA,NA,NA,NA,NA,NA,NA,NA,NA,NA,4,4,5,4,6,4,5,3,4,5,include,4.222222222222222,NA,NA,NA,4.4,include,Valid,NA,NA,NA,Valid,648.2,570.4125,142.39998677139334,-0.5462605844541182,within range,include,include,include
448449,60,female,5,4,6,5,6,5,5,5,6,NA,NA,NA,NA,NA,NA,NA,NA,NA,NA,NA,NA,NA,NA,NA,NA,NA,NA,NA,NA,NA,NA,NA,NA,NA,5,1,6,6,4,5,4,6,6,2,include,5.222222222222222,NA,NA,NA,4.5,include,Valid,NA,NA,NA,Valid,783.525,830.75,350.79021229107246,0.13462462276688184,within range,include,include,include
448828,30,female,3,4,5,4,6,6,6,5,5,NA,NA,NA,NA,NA,NA,NA,NA,NA,NA,NA,NA,NA,NA,NA,NA,NA,NA,NA,NA,NA,NA,NA,NA,NA,5,2,6,4,4,4,4,3,5,4,include,4.888888888888889,NA,NA,NA,4.1,include,Valid,NA,NA,NA,Valid,859.05,861.2875,416.0411642495729,0.0053780735952797375,within range,include,include,include
449383,42,male,NA,NA,NA,NA,NA,NA,NA,NA,NA,5,5,6,3,5,6,5,5,5,3,1,5,5,3,5,2,4,1,2,5,4,1,6,1,4,NA,NA,NA,NA,NA,NA,NA,NA,NA,NA,include,NA,5,3.5,3,NA,include,NA,Valid,Valid,Valid,NA,1133.225,950.275,304.5834321772324,-0.6006564398208769,within range,include,include,include
449631,32,male,3,4,3,4,4,3,3,3,4,NA,NA,NA,NA,NA,NA,NA,NA,NA,NA,NA,NA,NA,NA,NA,NA,NA,NA,NA,NA,NA,NA,NA,NA,NA,4,3,6,4,5,4,4,3,4,4,include,3.4444444444444446,NA,NA,NA,4.1,include,Valid,NA,NA,NA,Valid,759.45,847.7875,430.8485568289264,0.20503143993372,within range,include,include,include
466546,29,female,NA,NA,NA,NA,NA,NA,NA,NA,NA,5,3,5,6,4,6,5,6,3,2,2,3,4,1,4,2,3,2,2,3,4,2,2,1,2,NA,NA,NA,NA,NA,NA,NA,NA,NA,NA,include,NA,4.777777777777778,2.625,2.25,NA,include,NA,Valid,Valid,Valid,NA,1356.625,895.0125,596.0353069364648,-0.7744717378784511,within range,include,include,include
467663,21,female,4,5,4,5,5,3,4,4,4,NA,NA,NA,NA,NA,NA,NA,NA,NA,NA,NA,NA,NA,NA,NA,NA,NA,NA,NA,NA,NA,NA,NA,NA,NA,6,5,6,6,6,6,6,4,6,2,include,4.222222222222222,NA,NA,NA,5.3,include,Valid,NA,NA,NA,Valid,500.8,540.225,153.32178321764835,0.257138934681148,within range,exclude,include,exclude
469605,25,male,3,4,5,5,4,4,5,3,5,NA,NA,NA,NA,NA,NA,NA,NA,NA,NA,NA,NA,NA,NA,NA,NA,NA,NA,NA,NA,NA,NA,NA,NA,NA,5,3,5,5,5,5,3,5,5,2,include,4.222222222222222,NA,NA,NA,4.3,include,Valid,NA,NA,NA,Valid,719.75,666.45,548.9753355549036,-0.09708997207702305,within range,include,include,include
478588,28,female,NA,NA,NA,NA,NA,NA,NA,NA,NA,4,3,5,3,3,4,4,4,3,3,4,4,4,3,4,3,5,2,4,5,5,3,4,5,4,NA,NA,NA,NA,NA,NA,NA,NA,NA,NA,include,NA,3.6666666666666665,3.75,4,NA,include,NA,Valid,Valid,Valid,NA,726.05,737.1125,330.23135924719827,0.033499241335584504,within range,include,include,include
516095,33,female,NA,NA,NA,NA,NA,NA,NA,NA,NA,6,1,6,4,3,6,6,6,1,3,1,3,3,1,1,1,5,5,1,6,6,4,6,1,6,NA,NA,NA,NA,NA,NA,NA,NA,NA,NA,include,NA,4.333333333333333,2.25,4.375,NA,include,NA,Valid,Valid,Valid,NA,576.55,545.5375,115.84128249934234,-0.26771544073828774,within range,include,include,include
487509,19,female,2,5,4,5,5,5,6,2,4,NA,NA,NA,NA,NA,NA,NA,NA,NA,NA,NA,NA,NA,NA,NA,NA,NA,NA,NA,NA,NA,NA,NA,NA,NA,5,4,5,4,4,4,2,2,4,3,include,4.222222222222222,NA,NA,NA,3.7,include,Valid,NA,NA,NA,Valid,622.875,647.8625,222.23512922367703,0.11243721947690066,within range,include,include,include
488298,43,male,NA,NA,NA,NA,NA,NA,NA,NA,NA,4,3,5,3,6,4,5,5,3,5,4,5,5,3,5,5,5,3,1,4,4,4,4,1,2,NA,NA,NA,NA,NA,NA,NA,NA,NA,NA,include,NA,4.222222222222222,4.625,2.875,NA,include,NA,Valid,Valid,Valid,NA,1016.325,1197.5125,872.7081599784646,0.20761522386185902,within range,include,include,include
499594,20,female,NA,NA,NA,NA,NA,NA,NA,NA,NA,5,4,5,3,5,5,4,5,2,6,6,4,2,5,5,6,6,4,4,3,6,4,5,5,5,NA,NA,NA,NA,NA,NA,NA,NA,NA,NA,include,NA,4.222222222222222,5,4.5,NA,include,NA,Valid,Valid,Valid,NA,618.475,562.2375,223.89335634182092,-0.2511798515099373,within range,include,include,include
510366,19,male,2,NA,6,6,5,6,5,3,6,NA,NA,NA,NA,NA,NA,NA,NA,NA,NA,NA,NA,NA,NA,NA,NA,NA,NA,NA,NA,NA,NA,NA,NA,NA,6,1,3,3,3,4,1,5,4,2,exclude,4.875,NA,NA,NA,3.2,exclude,Valid,NA,NA,NA,Valid,711.9,590.7,218.19944619390702,-0.5554551219726437,within range,include,include,exclude
511349,45,male,6,5,6,5,5,NA,5,5,6,NA,NA,NA,NA,NA,NA,NA,NA,NA,NA,NA,NA,NA,NA,NA,NA,NA,NA,NA,NA,NA,NA,NA,NA,NA,5,1,5,4,5,5,4,6,5,4,exclude,5.375,NA,NA,NA,4.4,exclude,Valid,NA,NA,NA,Valid,1570.5,788.4,867.4756228866153,-0.901581530784094,within range,include,include,exclude
519468,27,female,3,5,4,5,5,6,5,4,5,NA,NA,NA,NA,NA,NA,NA,NA,NA,NA,NA,NA,NA,NA,NA,NA,NA,NA,NA,NA,NA,NA,NA,NA,NA,5,2,5,5,5,5,4,5,6,4,include,4.666666666666667,NA,NA,NA,4.6,include,Valid,NA,NA,NA,Valid,561.275,604.975,212.05356449653536,0.20608000673676033,within range,include,include,include
522741,46,male,NA,NA,NA,NA,NA,NA,NA,NA,NA,5,2,6,2,5,5,5,5,2,6,6,4,5,6,6,6,6,2,2,4,5,1,2,2,2,NA,NA,NA,NA,NA,NA,NA,NA,NA,NA,include,NA,4.111111111111111,5.625,2.5,NA,include,NA,Valid,Valid,Valid,NA,731.4,691.0125,318.9070611564789,-0.12664347993280367,within range,include,include,include
527128,26,female,NA,NA,NA,NA,NA,NA,NA,NA,NA,5,3,5,3,3,5,5,5,3,6,2,5,5,4,6,3,6,2,1,3,2,2,5,1,3,NA,NA,NA,NA,NA,NA,NA,NA,NA,NA,include,NA,4.111111111111111,4.625,2.375,NA,include,NA,Valid,Valid,Valid,NA,604.75,590.275,185.98483718805022,-0.0778289252976267,within range,include,include,include
539125,32,male,2,6,6,5,6,5,5,4,6,NA,NA,NA,NA,NA,NA,NA,NA,NA,NA,NA,NA,NA,NA,NA,NA,NA,NA,NA,NA,NA,NA,NA,NA,NA,5,6,5,3,6,3,6,2,5,4,include,5,NA,NA,NA,4.5,include,Valid,NA,NA,NA,Valid,945.475,779.3125,598.9749451136914,-0.2774114365809754,within range,include,include,include
559109,58,female,NA,NA,NA,NA,NA,NA,NA,NA,NA,6,5,6,3,5,6,6,5,6,4,4,4,6,4,6,3,3,1,2,4,1,1,4,1,1,NA,NA,NA,NA,NA,NA,NA,NA,NA,NA,include,NA,5.333333333333333,4.25,1.875,NA,include,NA,Valid,Valid,Valid,NA,922.35,799.0875,439.93736495555095,-0.2801819300173648,within range,include,include,include
548429,19,male,5,5,4,6,5,5,5,3,5,NA,NA,NA,NA,NA,NA,NA,NA,NA,NA,NA,NA,NA,NA,NA,NA,NA,NA,NA,NA,NA,NA,NA,NA,NA,5,5,6,5,6,6,5,2,5,6,include,4.777777777777778,NA,NA,NA,5.1,include,Valid,NA,NA,NA,Valid,963.875,708.075,442.34832648805025,-0.5782773092663892,within range,include,include,include
550775,17,male,NA,NA,NA,NA,NA,NA,NA,NA,NA,5,2,5,3,2,4,5,5,2,6,3,4,4,2,5,2,5,3,4,5,5,4,5,5,5,NA,NA,NA,NA,NA,NA,NA,NA,NA,NA,include,NA,3.6666666666666665,3.875,4.5,NA,include,NA,Valid,Valid,Valid,NA,744.325,744.9875,298.39905415099304,0.00222018130012127,within range,include,include,include
555831,18,female,1,5,1,5,6,4,5,2,5,NA,NA,NA,NA,NA,NA,NA,NA,NA,NA,NA,NA,NA,NA,NA,NA,NA,NA,NA,NA,NA,NA,NA,NA,NA,5,6,6,5,6,5,6,3,4,6,include,3.7777777777777777,NA,NA,NA,5.2,include,Valid,NA,NA,NA,Valid,640.35,629.125,202.1326602133608,-0.05553283664377391,within range,include,include,include
557720,36,male,NA,NA,NA,NA,NA,NA,NA,NA,NA,6,6,6,6,5,6,6,6,5,6,3,5,6,3,6,2,4,1,2,5,3,2,5,2,2,NA,NA,NA,NA,NA,NA,NA,NA,NA,NA,include,NA,5.777777777777778,4.375,2.75,NA,include,NA,Valid,Valid,Valid,NA,699.925,597.6125,160.59888879202276,-0.6370685424386451,within range,include,include,include
559640,28,male,NA,NA,NA,NA,NA,NA,NA,NA,NA,6,5,6,5,4,6,5,4,4,3,3,2,5,2,6,3,4,3,2,5,4,1,3,1,2,NA,NA,NA,NA,NA,NA,NA,NA,NA,NA,include,NA,5,3.5,2.625,NA,include,NA,Valid,Valid,Valid,NA,1173.4,974.4375,682.4374628391048,-0.29154686082482634,within range,include,include,include
568128,39,male,6,6,6,6,6,4,6,5,6,NA,NA,NA,NA,NA,NA,NA,NA,NA,NA,NA,NA,NA,NA,NA,NA,NA,NA,NA,NA,NA,NA,NA,NA,NA,6,4,4,4,6,6,6,6,4,6,include,5.666666666666667,NA,NA,NA,5.2,include,Valid,NA,NA,NA,Valid,724.7,755.1375,459.86610210228054,0.06618774434744112,within range,include,include,include
568742,21,female,2,3,1,6,6,6,6,3,5,NA,NA,NA,NA,NA,NA,NA,NA,NA,NA,NA,NA,NA,NA,NA,NA,NA,NA,NA,NA,NA,NA,NA,NA,NA,6,4,4,5,1,5,4,1,5,6,include,4.222222222222222,NA,NA,NA,4.1,include,Valid,NA,NA,NA,Valid,912.175,709.05,430.2619291327835,-0.47209614945344935,within range,include,include,include
575534,30,male,NA,NA,NA,NA,NA,NA,NA,NA,NA,6,2,5,2,4,5,2,4,1,2,4,2,1,1,1,1,3,4,2,4,2,2,4,2,3,NA,NA,NA,NA,NA,NA,NA,NA,NA,NA,include,NA,3.4444444444444446,1.875,2.875,NA,include,NA,Valid,Valid,Valid,NA,1247.55,1024.7875,597.7385589067528,-0.37267547271406826,within range,include,include,include
578307,22,male,5,6,5,6,5,5,6,6,4,NA,NA,NA,NA,NA,NA,NA,NA,NA,NA,NA,NA,NA,NA,NA,NA,NA,NA,NA,NA,NA,NA,NA,NA,NA,5,4,5,5,6,6,5,3,4,4,include,5.333333333333333,NA,NA,NA,4.7,include,Valid,NA,NA,NA,Valid,857.85,894.2222222222222,245.9860299855501,0.14786295882070521,within range,exclude,include,exclude
581474,22,female,NA,NA,NA,NA,NA,NA,NA,NA,NA,6,6,6,6,3,5,6,6,3,4,1,2,1,3,5,3,4,3,2,4,5,1,2,2,1,NA,NA,NA,NA,NA,NA,NA,NA,NA,NA,include,NA,5.222222222222222,2.875,2.5,NA,include,NA,Valid,Valid,Valid,NA,717,738.775,331.14436120094524,0.06575681953643915,within range,include,include,include
593293,29,female,5,5,6,6,1,5,6,3,6,NA,NA,NA,NA,NA,NA,NA,NA,NA,NA,NA,NA,NA,NA,NA,NA,NA,NA,NA,NA,NA,NA,NA,NA,NA,6,5,6,5,5,6,6,5,6,6,include,4.777777777777778,NA,NA,NA,5.6,include,Valid,NA,NA,NA,Valid,998.95,809.5625,494.54103662361723,-0.3829560865019542,within range,include,include,include
593817,22,female,NA,NA,NA,NA,NA,NA,NA,NA,NA,6,5,6,3,5,6,5,6,4,5,3,5,5,4,5,3,5,4,3,6,4,2,5,3,4,NA,NA,NA,NA,NA,NA,NA,NA,NA,NA,include,NA,5.111111111111111,4.375,3.875,NA,include,NA,Valid,Valid,Valid,NA,1650.875,1449.65,1785.8730791497846,-0.11267598036462857,within range,include,include,include
597411,53,female,5,6,6,6,5,6,5,1,6,NA,NA,NA,NA,NA,NA,NA,NA,NA,NA,NA,NA,NA,NA,NA,NA,NA,NA,NA,NA,NA,NA,NA,NA,NA,5,6,6,4,5,5,6,6,5,6,include,5.111111111111111,NA,NA,NA,5.4,include,Valid,NA,NA,NA,Valid,953.275,794.725,419.33401905618763,-0.37809954068800566,within range,include,include,include
627581,23,female,3,5,5,5,5,3,4,4,5,NA,NA,NA,NA,NA,NA,NA,NA,NA,NA,NA,NA,NA,NA,NA,NA,NA,NA,NA,NA,NA,NA,NA,NA,NA,4,4,6,6,5,5,6,5,6,4,include,4.333333333333333,NA,NA,NA,5.1,include,Valid,NA,NA,NA,Valid,695.675,806.3125,434.92463818040767,0.2543831512118368,within range,include,include,include
628624,21,female,NA,NA,NA,NA,NA,NA,NA,NA,NA,6,6,6,6,5,6,6,6,5,5,3,5,5,5,1,2,5,1,1,1,1,2,6,1,1,NA,NA,NA,NA,NA,NA,NA,NA,NA,NA,include,NA,5.777777777777778,3.875,1.75,NA,include,NA,Valid,Valid,Valid,NA,604,648.575,286.3076204039993,0.15568918472062226,within range,include,include,include
629563,42,male,2,6,6,4,5,1,4,4,3,NA,NA,NA,NA,NA,NA,NA,NA,NA,NA,NA,NA,NA,NA,NA,NA,NA,NA,NA,NA,NA,NA,NA,NA,NA,6,2,2,1,4,4,2,3,5,2,include,3.888888888888889,NA,NA,NA,3.1,include,Valid,NA,NA,NA,Valid,509,408.4625,382.43374693967496,-0.2628886723635788,within range,exclude,include,exclude
630625,28,female,3,4,6,4,5,3,3,4,6,NA,NA,NA,NA,NA,NA,NA,NA,NA,NA,NA,NA,NA,NA,NA,NA,NA,NA,NA,NA,NA,NA,NA,NA,NA,4,4,6,4,5,5,6,6,5,2,include,4.222222222222222,NA,NA,NA,4.7,include,Valid,NA,NA,NA,Valid,930.625,807.2375,397.1980089306413,-0.3106448099581133,within range,exclude,include,exclude
643556,27,female,NA,NA,NA,NA,NA,NA,NA,NA,NA,3,3,4,2,3,3,3,4,3,5,3,5,4,4,5,3,6,3,3,4,3,2,4,3,3,NA,NA,NA,NA,NA,NA,NA,NA,NA,NA,include,NA,3.111111111111111,4.375,3.125,NA,include,NA,Valid,Valid,Valid,NA,682.925,696.2875,372.3883924693926,0.035883234467622024,within range,include,include,include
645951,20,female,NA,NA,NA,NA,NA,NA,NA,NA,NA,6,4,6,5,5,6,6,5,4,5,2,5,5,1,5,1,4,4,2,6,5,3,6,3,5,NA,NA,NA,NA,NA,NA,NA,NA,NA,NA,include,NA,5.222222222222222,3.5,4.25,NA,include,NA,Valid,Valid,Valid,NA,901.675,655.6625,378.7371837326469,-0.6495599338185443,within range,include,include,include
648762,19,female,NA,NA,NA,NA,NA,NA,NA,NA,NA,6,5,6,5,5,6,5,5,5,5,5,5,5,5,4,3,5,2,3,4,5,2,5,2,5,NA,NA,NA,NA,NA,NA,NA,NA,NA,NA,include,NA,5.333333333333333,4.625,3.5,NA,include,NA,Valid,Valid,Valid,NA,719.05,646.9375,452.7701192463488,-0.15926956513833918,within range,include,include,include
652654,29,male,2,5,4,6,4,3,4,3,4,NA,NA,NA,NA,NA,NA,NA,NA,NA,NA,NA,NA,NA,NA,NA,NA,NA,NA,NA,NA,NA,NA,NA,NA,NA,5,5,6,5,6,5,6,2,NA,4,exclude,3.888888888888889,NA,NA,NA,4.888888888888889,exclude,Valid,NA,NA,NA,Valid,888.9,744.025,360.053473697406,-0.40237078818396566,within range,include,include,exclude
662985,15,female,NA,NA,NA,NA,NA,NA,NA,NA,NA,5,5,6,3,6,6,6,5,3,5,3,6,5,3,4,2,4,1,3,4,2,2,4,2,3,NA,NA,NA,NA,NA,NA,NA,NA,NA,NA,include,NA,5,4,2.625,NA,include,NA,Valid,Valid,Valid,NA,594.325,587.3625,194.178553512631,-0.03585617399064203,within range,include,include,include
659647,51,female,NA,NA,NA,NA,NA,NA,NA,NA,NA,5,2,3,1,1,1,2,5,1,4,3,3,5,4,4,2,5,2,5,5,4,3,6,2,3,NA,NA,NA,NA,NA,NA,NA,NA,NA,NA,include,NA,2.3333333333333335,3.75,3.75,NA,include,NA,Valid,Valid,Valid,NA,790.475,772.1625,300.37015632769663,-0.06096644295121484,within range,include,include,include
669471,26,male,4,4,6,6,4,2,3,3,2,NA,NA,NA,NA,NA,NA,NA,NA,NA,NA,NA,NA,NA,NA,NA,NA,NA,NA,NA,NA,NA,NA,NA,NA,NA,3,3,4,4,3,4,4,3,5,3,include,3.7777777777777777,NA,NA,NA,3.6,include,Valid,NA,NA,NA,Valid,1189.825,885.3375,423.4035033046423,-0.7191426089380248,within range,include,include,include
201268,other/missing/error,other/missing/error,2,4,5,2,5,5,5,5,5,NA,NA,NA,NA,NA,NA,NA,NA,NA,NA,NA,NA,NA,NA,NA,NA,NA,NA,NA,NA,NA,NA,NA,NA,NA,6,5,5,6,6,6,4,1,3,5,include,4.222222222222222,NA,NA,NA,4.7,include,Valid,NA,NA,NA,Valid,1053.775,659.9125,441.05251502332845,-0.8930059042496734,within range,include,include,exclude
196719,other/missing/error,other/missing/error,NA,NA,NA,NA,NA,NA,NA,NA,NA,6,1,6,1,1,6,5,4,1,6,3,6,6,6,6,3,6,6,1,5,6,1,4,1,4,NA,NA,NA,NA,NA,NA,NA,NA,NA,NA,include,NA,3.4444444444444446,5.25,3.5,NA,include,NA,Valid,Valid,Valid,NA,680.1,830.075,1043.2188276718186,0.1437617842219197,within range,include,include,exclude
194849,other/missing/error,other/missing/error,NA,NA,NA,NA,NA,NA,NA,NA,NA,6,2,6,2,3,4,5,5,2,6,4,5,5,4,6,3,5,3,4,5,6,3,4,2,4,NA,NA,NA,NA,NA,NA,NA,NA,NA,NA,include,NA,3.888888888888889,4.75,3.875,NA,include,NA,Valid,Valid,Valid,NA,742.575,726.3875,229.38061222803125,-0.07057048040271043,within range,include,include,exclude
193446,other/missing/error,other/missing/error,NA,NA,NA,NA,NA,NA,NA,NA,NA,6,6,6,5,6,6,5,5,3,2,3,5,6,3,6,2,4,2,2,4,4,2,1,2,2,NA,NA,NA,NA,NA,NA,NA,NA,NA,NA,include,NA,5.333333333333333,3.875,2.375,NA,include,NA,Valid,Valid,Valid,NA,1185.05,903.7625,596.895243860141,-0.47125103256126566,within range,include,include,exclude
193083,other/missing/error,other/missing/error,NA,NA,NA,NA,NA,NA,NA,NA,NA,5,3,4,6,2,5,5,5,3,4,3,4,4,3,3,3,3,1,2,2,2,1,3,2,2,NA,NA,NA,NA,NA,NA,NA,NA,NA,NA,include,NA,4.222222222222222,3.375,1.875,NA,include,NA,Valid,Valid,Valid,NA,709.15,631.3125,192.7355699656189,-0.4038564340452829,within range,include,include,exclude
186334,other/missing/error,other/missing/error,NA,NA,NA,NA,NA,NA,NA,NA,NA,4,3,5,3,3,4,5,4,2,4,4,2,4,3,4,2,4,4,3,3,3,4,4,3,4,NA,NA,NA,NA,NA,NA,NA,NA,NA,NA,include,NA,3.6666666666666665,3.375,3.5,NA,include,NA,Valid,Valid,Valid,NA,580.9,530.7625,208.08708432736893,-0.24094479559876042,within range,include,include,exclude
181481,other/missing/error,other/missing/error,4,4,5,5,5,3,5,4,5,NA,NA,NA,NA,NA,NA,NA,NA,NA,NA,NA,NA,NA,NA,NA,NA,NA,NA,NA,NA,NA,NA,NA,NA,NA,3,3,4,4,3,3,4,4,4,3,include,4.444444444444445,NA,NA,NA,3.5,include,Valid,NA,NA,NA,Valid,691.075,596.6125,199.4071633786577,-0.4737166829890841,within range,include,include,exclude
180366,other/missing/error,other/missing/error,4,5,6,6,6,5,6,2,5,NA,NA,NA,NA,NA,NA,NA,NA,NA,NA,NA,NA,NA,NA,NA,NA,NA,NA,NA,NA,NA,NA,NA,NA,NA,5,5,1,4,6,6,1,4,6,6,include,5,NA,NA,NA,4.4,include,Valid,NA,NA,NA,Valid,1392.775,849.5375,634.9842872843699,-0.8555132951765747,within range,include,include,exclude
179098,other/missing/error,other/missing/error,3,4,7,5,2,5,5,5,3,NA,NA,NA,NA,NA,NA,NA,NA,NA,NA,NA,NA,NA,NA,NA,NA,NA,NA,NA,NA,NA,NA,NA,NA,NA,5,0,6,3,6,7,5,6,7,5,exclude,4.333333333333333,NA,NA,NA,5,exclude,Valid,NA,NA,NA,Valid,734.35,727.1125,335.41898951820207,-0.021577490321570816,within range,include,include,exclude
175558,other/missing/error,other/missing/error,NA,NA,NA,NA,NA,NA,NA,NA,NA,5,2,3,2,3,3,4,6,2,6,5,3,5,3,5,2,5,1,3,4,5,2,4,2,5,NA,NA,NA,NA,NA,NA,NA,NA,NA,NA,include,NA,3.3333333333333335,4.25,3.25,NA,include,NA,Valid,Valid,Valid,NA,983.625,866.4375,453.0089690617838,-0.25868693117203456,within range,include,include,exclude
173471,other/missing/error,other/missing/error,5,4,3,5,4,4,5,3,6,NA,NA,NA,NA,NA,NA,NA,NA,NA,NA,NA,NA,NA,NA,NA,NA,NA,NA,NA,NA,NA,NA,NA,NA,NA,4,5,5,4,6,5,6,5,5,5,include,4.333333333333333,NA,NA,NA,5,include,Valid,NA,NA,NA,Valid,711.975,696.3875,240.15669196313866,-0.06490554093072069,within range,include,include,exclude
173044,other/missing/error,other/missing/error,6,6,2,5,6,2,6,2,3,NA,NA,NA,NA,NA,NA,NA,NA,NA,NA,NA,NA,NA,NA,NA,NA,NA,NA,NA,NA,NA,NA,NA,NA,NA,6,5,6,6,6,6,6,6,6,6,include,4.222222222222222,NA,NA,NA,5.9,include,Valid,NA,NA,NA,Valid,819.725,681.4,512.0460193970774,-0.270141734844213,within range,include,include,exclude
170731,other/missing/error,other/missing/error,2,6,5,5,5,3,5,6,6,NA,NA,NA,NA,NA,NA,NA,NA,NA,NA,NA,NA,NA,NA,NA,NA,NA,NA,NA,NA,NA,NA,NA,NA,NA,5,5,6,5,6,6,6,5,6,5,include,4.777777777777778,NA,NA,NA,5.5,include,Valid,NA,NA,NA,Valid,1038.675,958.9125,540.4819977723276,-0.14757660815485485,within range,include,include,exclude
164811,other/missing/error,other/missing/error,2,4,4,4,5,6,5,3,4,NA,NA,NA,NA,NA,NA,NA,NA,NA,NA,NA,NA,NA,NA,NA,NA,NA,NA,NA,NA,NA,NA,NA,NA,NA,5,6,6,6,6,5,5,4,4,6,include,4.111111111111111,NA,NA,NA,5.3,include,Valid,NA,NA,NA,Valid,1082.425,813.475,769.8935816727143,-0.3493339942069188,within range,include,include,exclude
164203,other/missing/error,other/missing/error,NA,NA,NA,NA,NA,NA,NA,NA,NA,3,6,6,6,1,6,5,6,4,2,2,5,4,3,5,3,6,4,1,4,3,1,4,1,1,NA,NA,NA,NA,NA,NA,NA,NA,NA,NA,include,NA,4.777777777777778,3.75,2.375,NA,include,NA,Valid,Valid,Valid,NA,816.825,781.725,428.90994652361553,-0.08183536027665293,within range,include,include,exclude
163143,other/missing/error,other/missing/error,3,4,6,5,2,4,5,5,5,NA,NA,NA,NA,NA,NA,NA,NA,NA,NA,NA,NA,NA,NA,NA,NA,NA,NA,NA,NA,NA,NA,NA,NA,NA,1,1,4,4,3,1,3,2,3,1,include,4.333333333333333,NA,NA,NA,2.3,include,Valid,NA,NA,NA,Valid,755.725,612.9875,178.7120463712709,-0.7987010551234225,within range,include,include,exclude
162402,other/missing/error,other/missing/error,1,5,2,6,1,1,1,1,5,NA,NA,NA,NA,NA,NA,NA,NA,NA,NA,NA,NA,NA,NA,NA,NA,NA,NA,NA,NA,NA,NA,NA,NA,NA,2,4,6,4,5,4,4,5,2,NA,exclude,2.5555555555555554,NA,NA,NA,4,exclude,Valid,NA,NA,NA,Valid,2024.35,1258.9375,1402.0780985122517,-0.5459128851753557,within range,include,include,exclude
214776,48,male,NA,NA,NA,NA,NA,NA,NA,NA,NA,6,3,6,2,3,5,6,3,4,4,3,3,5,3,4,4,5,2,2,4,2,1,4,1,3,NA,NA,NA,NA,NA,NA,NA,NA,NA,NA,include,NA,4.222222222222222,3.875,2.375,NA,include,NA,Valid,Valid,Valid,NA,1492.5,1035.3875,670.5676887086463,-0.6816798776575259,within range,include,include,include
233700,36,male,3,5,3,4,4,3,4,1,4,NA,NA,NA,NA,NA,NA,NA,NA,NA,NA,NA,NA,NA,NA,NA,NA,NA,NA,NA,NA,NA,NA,NA,NA,NA,6,4,6,5,6,4,5,5,6,4,include,3.4444444444444446,NA,NA,NA,5.1,include,Valid,NA,NA,NA,Valid,1478.45,1544.675,3781.5629341860863,0.017512600253538728,within range,include,include,include
246726,23,female,5,5,6,6,6,6,6,5,5,NA,NA,NA,NA,NA,NA,NA,NA,NA,NA,NA,NA,NA,NA,NA,NA,NA,NA,NA,NA,NA,NA,NA,NA,NA,4,2,5,4,4,5,5,3,6,3,include,5.555555555555555,NA,NA,NA,4.1,include,Valid,NA,NA,NA,Valid,657.075,662.2,258.8694553012293,0.019797623454788728,within range,include,include,include
298159,29,male,NA,NA,NA,NA,NA,NA,NA,NA,NA,5,6,5,3,4,4,4,5,3,4,2,4,6,3,5,6,6,2,3,1,1,1,6,2,4,NA,NA,NA,NA,NA,NA,NA,NA,NA,NA,include,NA,4.333333333333333,4.5,2.5,NA,include,NA,Valid,Valid,Valid,NA,1314.7,943.2,743.2195908505706,-0.4998522705447529,within range,include,include,include
343463,41,female,3,5,5,4,5,3,6,5,5,NA,NA,NA,NA,NA,NA,NA,NA,NA,NA,NA,NA,NA,NA,NA,NA,NA,NA,NA,NA,NA,NA,NA,NA,NA,4,5,6,5,5,3,5,3,5,5,include,4.555555555555555,NA,NA,NA,4.6,include,Valid,NA,NA,NA,Valid,579.925,579.8375,214.80430544068324,-4.07347514848299e-4,within range,include,include,include
343750,27,male,3,4,5,5,5,3,5,4,5,NA,NA,NA,NA,NA,NA,NA,NA,NA,NA,NA,NA,NA,NA,NA,NA,NA,NA,NA,NA,NA,NA,NA,NA,NA,4,5,6,2,4,4,6,3,5,5,include,4.333333333333333,NA,NA,NA,4.4,include,Valid,NA,NA,NA,Valid,780.025,669.35,266.38681030238945,-0.41546726684540813,within range,include,include,include
348917,31,female,3,6,6,6,6,6,5,5,6,NA,NA,NA,NA,NA,NA,NA,NA,NA,NA,NA,NA,NA,NA,NA,NA,NA,NA,NA,NA,NA,NA,NA,NA,NA,5,5,6,4,6,4,6,6,5,6,include,5.444444444444445,NA,NA,NA,5.3,include,Valid,NA,NA,NA,Valid,898.275,743.95,380.8357085473497,-0.4052272319438043,within range,include,include,include
350255,26,male,3,5,5,6,1,4,6,6,6,NA,NA,NA,NA,NA,NA,NA,NA,NA,NA,NA,NA,NA,NA,NA,NA,NA,NA,NA,NA,NA,NA,NA,NA,NA,5,1,6,4,5,5,2,6,5,3,include,4.666666666666667,NA,NA,NA,4.2,include,Valid,NA,NA,NA,Valid,910.05,874.25,362.72926643474926,-0.09869619937722879,within range,include,include,include
353512,42,male,5,6,6,4,3,5,5,5,6,NA,NA,NA,NA,NA,NA,NA,NA,NA,NA,NA,NA,NA,NA,NA,NA,NA,NA,NA,NA,NA,NA,NA,NA,NA,6,6,6,6,6,6,6,6,6,6,include,5,NA,NA,NA,6,include,Valid,NA,NA,NA,Valid,1232.55,924.0625,578.7620633562572,-0.5330126480838644,within range,include,include,include
360521,29,male,4,6,3,6,6,3,6,3,6,NA,NA,NA,NA,NA,NA,NA,NA,NA,NA,NA,NA,NA,NA,NA,NA,NA,NA,NA,NA,NA,NA,NA,NA,NA,4,4,6,4,6,4,6,5,6,3,include,4.777777777777778,NA,NA,NA,4.8,include,Valid,NA,NA,NA,Valid,1110.9,837.8125,348.39996806127584,-0.7838333095138804,within range,include,include,include
450960,38,female,NA,NA,NA,NA,NA,NA,NA,NA,NA,5,3,6,3,4,5,6,6,3,4,3,5,5,3,5,3,5,2,3,4,2,2,4,2,2,NA,NA,NA,NA,NA,NA,NA,NA,NA,NA,include,NA,4.555555555555555,4.125,2.625,NA,include,NA,Valid,Valid,Valid,NA,950.425,945.925,230.59756725778806,-0.019514516365081124,within range,include,include,include
453001,20,male,6,6,5,6,6,6,5,4,6,NA,NA,NA,NA,NA,NA,NA,NA,NA,NA,NA,NA,NA,NA,NA,NA,NA,NA,NA,NA,NA,NA,NA,NA,NA,5,3,6,6,5,6,5,6,6,2,include,5.555555555555555,NA,NA,NA,5,include,Valid,NA,NA,NA,Valid,756.2,761.225,363.40959714090883,0.013827372858432186,within range,include,include,include
455618,25,female,NA,NA,NA,NA,NA,NA,NA,NA,NA,4,4,4,6,6,2,4,2,1,3,1,4,6,1,1,1,1,3,4,6,6,1,2,6,5,NA,NA,NA,NA,NA,NA,NA,NA,NA,NA,include,NA,3.6666666666666665,2.25,4.125,NA,include,NA,Valid,Valid,Valid,NA,1030,690.55,418.5540054308224,-0.8110064545926405,within range,include,include,include
462128,44,female,NA,NA,NA,NA,NA,NA,NA,NA,NA,5,3,6,3,3,3,5,5,2,5,5,1,4,4,5,3,5,2,3,4,5,2,4,1,4,NA,NA,NA,NA,NA,NA,NA,NA,NA,NA,include,NA,3.888888888888889,4,3.125,NA,include,NA,Valid,Valid,Valid,NA,983.525,1006.9375,460.5416236507249,0.05083688161432305,within range,include,include,include
526620,20,female,NA,NA,NA,NA,NA,NA,NA,NA,NA,5,5,5,6,6,6,5,6,5,3,3,5,5,2,5,2,5,1,2,1,1,2,4,4,2,NA,NA,NA,NA,NA,NA,NA,NA,NA,NA,include,NA,5.444444444444445,3.75,2.125,NA,include,NA,Valid,Valid,Valid,NA,1133.75,856.4375,600.8925792574931,-0.46150095636505883,within range,include,include,include
548565,23,female,2,6,5,5,5,5,6,5,5,NA,NA,NA,NA,NA,NA,NA,NA,NA,NA,NA,NA,NA,NA,NA,NA,NA,NA,NA,NA,NA,NA,NA,NA,NA,4,5,5,4,5,2,5,3,4,5,include,4.888888888888889,NA,NA,NA,4.2,include,Valid,NA,NA,NA,Valid,686.375,775.125,371.6958387830397,0.23877049657207414,within range,include,include,include
558041,28,female,NA,NA,NA,NA,NA,NA,NA,NA,NA,5,6,6,2,6,5,5,6,4,6,2,6,5,2,4,2,4,1,3,4,4,2,4,2,2,NA,NA,NA,NA,NA,NA,NA,NA,NA,NA,include,NA,5,3.875,2.75,NA,include,NA,Valid,Valid,Valid,NA,1440.2,1012.7375,709.8714934302362,-0.6021688488072943,within range,include,include,include
579249,54,female,3,4,3,5,5,3,6,3,5,NA,NA,NA,NA,NA,NA,NA,NA,NA,NA,NA,NA,NA,NA,NA,NA,NA,NA,NA,NA,NA,NA,NA,NA,NA,4,4,5,4,4,4,5,2,4,5,include,4.111111111111111,NA,NA,NA,4.1,include,Valid,NA,NA,NA,Valid,758.225,735.9625,239.08042257655427,-0.09311720198617068,within range,include,include,include
617893,42,male,4,4,5,4,5,3,4,4,4,NA,NA,NA,NA,NA,NA,NA,NA,NA,NA,NA,NA,NA,NA,NA,NA,NA,NA,NA,NA,NA,NA,NA,NA,NA,4,3,5,5,4,5,3,3,4,2,include,4.111111111111111,NA,NA,NA,3.8,include,Valid,NA,NA,NA,Valid,789.15,689.3875,208.5979122752724,-0.4782526292418027,within range,include,include,include
634062,32,male,3,NA,6,5,4,5,5,5,5,NA,NA,NA,NA,NA,NA,NA,NA,NA,NA,NA,NA,NA,NA,NA,NA,NA,NA,NA,NA,NA,NA,NA,NA,NA,6,3,5,6,5,5,4,2,6,5,exclude,4.75,NA,NA,NA,4.7,exclude,Valid,NA,NA,NA,Valid,676.025,770.35,395.9782906330359,0.23820750336895022,within range,include,include,exclude
652538,35,male,NA,NA,NA,NA,NA,NA,NA,NA,NA,5,3,7,3,3,6,5,5,2,5,3,5,7,2,5,2,5,4,2,5,5,2,4,2,5,NA,NA,NA,NA,NA,NA,NA,NA,NA,NA,exclude,NA,4.333333333333333,4.25,3.625,NA,exclude,NA,Valid,Valid,Valid,NA,1467.8,1212.1625,1153.0842168438755,-0.22169889784781666,within range,include,include,exclude
668486,22,male,NA,NA,NA,NA,NA,NA,NA,NA,NA,5,2,5,3,3,4,4,4,5,3,2,5,5,3,6,3,4,4,3,5,3,4,3,3,3,NA,NA,NA,NA,NA,NA,NA,NA,NA,NA,include,NA,3.888888888888889,3.875,3.5,NA,include,NA,Valid,Valid,Valid,NA,781.4,695.925,260.11172723323665,-0.32860879018867306,within range,include,include,include
664326,46,male,NA,NA,NA,NA,NA,NA,NA,NA,NA,6,4,6,2,2,6,5,6,5,3,3,4,4,3,5,3,3,2,1,3,3,2,6,1,3,NA,NA,NA,NA,NA,NA,NA,NA,NA,NA,include,NA,4.666666666666667,3.5,2.625,NA,include,NA,Valid,Valid,Valid,NA,910.825,661.5,309.90069691237983,-0.8045319112996163,within range,include,include,include
194648,other/missing/error,other/missing/error,3,5,6,6,5,5,5,3,6,NA,NA,NA,NA,NA,NA,NA,NA,NA,NA,NA,NA,NA,NA,NA,NA,NA,NA,NA,NA,NA,NA,NA,NA,NA,5,4,6,5,6,4,4,2,5,5,include,4.888888888888889,NA,NA,NA,4.6,include,Valid,NA,NA,NA,Valid,575.325,536.325,249.8253225890496,-0.15610907491612885,within range,include,include,exclude
173703,other/missing/error,other/missing/error,NA,NA,NA,NA,NA,NA,NA,NA,NA,6,2,5,2,3,5,5,5,4,5,4,6,6,6,6,4,6,2,2,3,2,1,4,2,3,NA,NA,NA,NA,NA,NA,NA,NA,NA,NA,include,NA,4.111111111111111,5.375,2.375,NA,include,NA,Valid,Valid,Valid,NA,1305.7,951.9625,719.065529937667,-0.49194056073118153,within range,include,include,exclude
167754,other/missing/error,other/missing/error,5,4,6,5,6,5,4,3,6,NA,NA,NA,NA,NA,NA,NA,NA,NA,NA,NA,NA,NA,NA,NA,NA,NA,NA,NA,NA,NA,NA,NA,NA,NA,5,4,6,5,5,4,6,6,6,5,include,4.888888888888889,NA,NA,NA,5.2,include,Valid,NA,NA,NA,Valid,775.8,714.3728813559322,187.1364053832084,-0.32824782819933085,within range,exclude,include,exclude
501196,16,male,3,4,4,3,5,2,4,5,4,NA,NA,NA,NA,NA,NA,NA,NA,NA,NA,NA,NA,NA,NA,NA,NA,NA,NA,NA,NA,NA,NA,NA,NA,NA,4,5,6,5,5,4,4,4,5,4,include,3.7777777777777777,NA,NA,NA,4.6,include,Valid,NA,NA,NA,Valid,647.65,716.7625,204.6420101321436,0.3377239109182519,within range,include,include,include
217118,21,male,NA,NA,NA,NA,NA,NA,NA,NA,NA,4,4,5,3,1,5,2,5,1,5,5,5,5,4,5,3,5,2,1,3,1,1,1,1,3,NA,NA,NA,NA,NA,NA,NA,NA,NA,NA,include,NA,3.3333333333333335,4.625,1.625,NA,include,NA,Valid,Valid,Valid,NA,842.7,739.6375,341.0359032784231,-0.3022042518375532,within range,include,include,include
217597,25,female,3,4,3,4,4,5,4,3,4,NA,NA,NA,NA,NA,NA,NA,NA,NA,NA,NA,NA,NA,NA,NA,NA,NA,NA,NA,NA,NA,NA,NA,NA,NA,4,4,5,4,3,4,4,3,4,4,include,3.7777777777777777,NA,NA,NA,3.9,include,Valid,NA,NA,NA,Valid,516.15,505.8625,194.0872798482156,-0.05300450399451846,within range,include,include,include
309503,22,female,NA,NA,NA,NA,NA,NA,NA,NA,NA,5,5,5,2,4,5,5,4,5,3,3,3,4,2,3,2,3,4,2,2,4,2,2,2,4,NA,NA,NA,NA,NA,NA,NA,NA,NA,NA,include,NA,4.444444444444445,2.875,2.75,NA,include,NA,Valid,Valid,Valid,NA,731.375,640.85,247.17776621137205,-0.3662343963517668,within range,include,include,include
311846,58,female,NA,NA,NA,NA,NA,NA,NA,NA,NA,5,6,5,6,5,6,1,5,2,1,1,3,5,1,5,1,4,5,2,5,4,1,5,2,4,NA,NA,NA,NA,NA,NA,NA,NA,NA,NA,include,NA,4.555555555555555,2.625,3.5,NA,include,NA,Valid,Valid,Valid,NA,1385.6,1038.9125,514.7752705809406,-0.6734734938000263,within range,include,include,include
340489,17,female,4,4,5,5,4,3,4,4,5,NA,NA,NA,NA,NA,NA,NA,NA,NA,NA,NA,NA,NA,NA,NA,NA,NA,NA,NA,NA,NA,NA,NA,NA,NA,3,3,5,3,4,3,5,5,5,5,include,4.222222222222222,NA,NA,NA,4.1,include,Valid,NA,NA,NA,Valid,661.875,588.675,328.9337028678468,-0.22253724492746507,within range,include,include,include
353222,29,female,1,5,3,2,6,5,5,2,5,NA,NA,NA,NA,NA,NA,NA,NA,NA,NA,NA,NA,NA,NA,NA,NA,NA,NA,NA,NA,NA,NA,NA,NA,NA,2,4,5,1,2,3,5,3,3,2,include,3.7777777777777777,NA,NA,NA,3,include,Valid,NA,NA,NA,Valid,934.925,777.2625,349.2929468871337,-0.45137613400176974,within range,include,include,include
393892,18,female,4,4,5,4,6,3,5,4,4,NA,NA,NA,NA,NA,NA,NA,NA,NA,NA,NA,NA,NA,NA,NA,NA,NA,NA,NA,NA,NA,NA,NA,NA,NA,5,3,5,6,5,5,4,4,5,5,include,4.333333333333333,NA,NA,NA,4.7,include,Valid,NA,NA,NA,Valid,822.425,705.95,208.46620597500558,-0.5587236523792488,within range,include,include,include
395088,33,male,NA,NA,NA,NA,NA,NA,NA,NA,NA,6,5,6,5,2,5,6,5,2,5,2,4,4,5,6,5,2,1,2,4,4,5,4,2,1,NA,NA,NA,NA,NA,NA,NA,NA,NA,NA,include,NA,4.666666666666667,4.125,2.875,NA,include,NA,Valid,Valid,Valid,NA,1282.025,1143.7,851.8322643881605,-0.162385255622307,within range,include,include,include
440645,27,female,NA,NA,NA,NA,NA,NA,NA,NA,NA,5,5,6,6,5,5,5,5,4,5,5,4,5,5,6,5,5,2,3,4,4,1,2,2,4,NA,NA,NA,NA,NA,NA,NA,NA,NA,NA,include,NA,5.111111111111111,5,2.75,NA,include,NA,Valid,Valid,Valid,NA,1418.625,738.1875,858.2667603564599,-0.7928042089354562,within range,include,include,include
448235,39,female,1,6,6,1,2,1,3,2,6,NA,NA,NA,NA,NA,NA,NA,NA,NA,NA,NA,NA,NA,NA,NA,NA,NA,NA,NA,NA,NA,NA,NA,NA,NA,6,5,6,6,6,6,5,6,6,6,include,3.111111111111111,NA,NA,NA,5.8,include,Valid,NA,NA,NA,Valid,1300.5,932.9875,659.6461872602212,-0.5571357905158656,within range,include,include,include
460603,32,female,NA,NA,NA,NA,NA,NA,NA,NA,NA,6,4,6,5,5,6,6,4,5,2,1,5,5,1,5,1,2,2,2,4,5,2,4,3,3,NA,NA,NA,NA,NA,NA,NA,NA,NA,NA,include,NA,5.222222222222222,2.75,3.125,NA,include,NA,Valid,Valid,Valid,NA,705.125,677.975,195.14784149976347,-0.1391252897871939,within range,include,include,include
497745,18,female,NA,NA,NA,NA,NA,NA,NA,NA,NA,4,2,5,4,2,3,3,3,3,4,3,5,4,3,4,3,5,1,3,3,3,2,5,4,3,NA,NA,NA,NA,NA,NA,NA,NA,NA,NA,include,NA,3.2222222222222223,3.875,3,NA,include,NA,Valid,Valid,Valid,NA,904.7,894.5625,353.8060118873322,-0.028652707018523706,within range,include,include,include
505557,44,female,1,6,3,1,1,6,4,3,6,NA,NA,NA,NA,NA,NA,NA,NA,NA,NA,NA,NA,NA,NA,NA,NA,NA,NA,NA,NA,NA,NA,NA,NA,NA,4,1,4,6,4,6,6,4,6,1,include,3.4444444444444446,NA,NA,NA,4.2,include,Valid,NA,NA,NA,Valid,757.925,728.3875,203.66922983620483,-0.1450268163912369,within range,include,include,include
523839,28,female,4,6,6,6,5,6,6,5,6,NA,NA,NA,NA,NA,NA,NA,NA,NA,NA,NA,NA,NA,NA,NA,NA,NA,NA,NA,NA,NA,NA,NA,NA,NA,6,2,6,4,6,4,3,6,4,4,include,5.555555555555555,NA,NA,NA,4.5,include,Valid,NA,NA,NA,Valid,864.425,900.2125,395.61789100883004,0.09045976133369878,within range,include,include,include
549211,48,female,NA,NA,NA,NA,NA,NA,NA,NA,NA,2,5,2,3,5,5,5,2,5,5,5,5,6,5,5,1,5,6,5,5,4,2,2,1,6,NA,NA,NA,NA,NA,NA,NA,NA,NA,NA,include,NA,3.7777777777777777,4.625,3.875,NA,include,NA,Valid,Valid,Valid,NA,1138.875,772.6875,386.011761261147,-0.9486433750195105,within range,include,include,include
596741,62,female,NA,NA,NA,NA,NA,NA,NA,NA,NA,6,2,4,3,3,3,3,4,4,6,4,6,5,2,4,2,6,5,3,5,5,2,4,3,3,NA,NA,NA,NA,NA,NA,NA,NA,NA,NA,include,NA,3.5555555555555554,4.375,3.75,NA,include,NA,Valid,Valid,Valid,NA,1364.75,809.3375,934.0747362042965,-0.5946124849248923,within range,include,include,include
628838,18,female,NA,NA,NA,NA,NA,NA,NA,NA,NA,4,2,5,3,2,4,4,4,2,3,3,3,4,2,3,2,2,4,4,5,5,3,5,4,5,NA,NA,NA,NA,NA,NA,NA,NA,NA,NA,include,NA,3.3333333333333335,2.75,4.375,NA,include,NA,Valid,Valid,Valid,NA,845.2,668.7625,319.53263303053814,-0.5521736491406737,within range,include,include,include
648950,32,male,3,6,5,5,0,5,6,5,5,NA,NA,NA,NA,NA,NA,NA,NA,NA,NA,NA,NA,NA,NA,NA,NA,NA,NA,NA,NA,NA,NA,NA,NA,NA,5,5,0,5,3,4,5,4,5,7,exclude,4.444444444444445,NA,NA,NA,4.3,exclude,Valid,NA,NA,NA,Valid,1159.575,930.4625,445.09321719028196,-0.5147517220017579,within range,include,include,exclude
199840,other/missing/error,other/missing/error,2,5,3,2,2,4,3,2,4,NA,NA,NA,NA,NA,NA,NA,NA,NA,NA,NA,NA,NA,NA,NA,NA,NA,NA,NA,NA,NA,NA,NA,NA,NA,5,5,6,5,5,5,4,4,5,6,include,3,NA,NA,NA,5,include,Valid,NA,NA,NA,Valid,1021.725,849.8875,374.42043355621735,-0.4589426340007681,within range,include,include,exclude
199166,other/missing/error,other/missing/error,3,4,5,6,4,6,4,2,6,NA,NA,NA,NA,NA,NA,NA,NA,NA,NA,NA,NA,NA,NA,NA,NA,NA,NA,NA,NA,NA,NA,NA,NA,NA,5,5,6,5,6,6,6,5,4,6,include,4.444444444444445,NA,NA,NA,5.4,include,Valid,NA,NA,NA,Valid,1109.725,748.4875,558.1881312926372,-0.6471608401336943,within range,include,include,exclude
195431,other/missing/error,other/missing/error,2,3,5,2,3,3,2,4,2,NA,NA,NA,NA,NA,NA,NA,NA,NA,NA,NA,NA,NA,NA,NA,NA,NA,NA,NA,NA,NA,NA,NA,NA,NA,3,5,5,6,3,3,4,4,6,2,include,2.888888888888889,NA,NA,NA,4.1,include,Valid,NA,NA,NA,Valid,887.925,698.05,380.7159221458306,-0.49873143978273043,within range,include,include,exclude
183947,other/missing/error,other/missing/error,NA,NA,NA,NA,NA,NA,NA,NA,NA,6,6,6,6,1,6,2,6,NA,6,3,1,3,2,5,4,1,4,1,4,1,6,2,1,4,NA,NA,NA,NA,NA,NA,NA,NA,NA,NA,exclude,NA,4.875,3.125,2.875,NA,exclude,NA,Valid,Valid,Valid,NA,891.375,683.6125,353.35874439568687,-0.5879647901605347,within range,include,include,exclude
179074,other/missing/error,other/missing/error,NA,NA,NA,NA,NA,NA,NA,NA,NA,2,1,3,4,3,6,6,5,1,3,6,5,5,4,3,2,1,1,1,5,2,2,2,1,5,NA,NA,NA,NA,NA,NA,NA,NA,NA,NA,include,NA,3.4444444444444446,3.625,2.375,NA,include,NA,Valid,Valid,Valid,NA,560.85,560.0875,195.37064519932937,-0.0039028381117444497,within range,include,include,exclude
164311,other/missing/error,other/missing/error,NA,NA,NA,NA,NA,NA,NA,NA,NA,6,5,6,6,6,6,6,6,6,6,5,5,5,5,6,3,6,1,2,5,2,1,2,2,2,NA,NA,NA,NA,NA,NA,NA,NA,NA,NA,include,NA,5.888888888888889,5.125,2.125,NA,include,NA,Valid,Valid,Valid,NA,902.8,764.025,384.828111434365,-0.3606155472445754,within range,include,include,exclude
